"0","role = c(""organ_role_1_3"","
"0","         ""organ_role_2_3"","
"0","         ""organ_role_3_3"","
"0","         ""organ_role_4_3"","
"0","         ""organ_role_5_3"","
"0","         ""organ_role_6_3"","
"0","         ""organ_role_7_3"","
"0","         ""organ_role_8_3"","
"0","         ""organ_role_9_3"","
"0","         ""organ_role_10_3"","
"0","         ""organ_role_11_3"","
"0","         ""organ_role_96_3"""
"0","         # ""organ_role_13_3"","
"0","         # ""organ_role_14_3"","
"0","         # ""organ_role_15_3"","
"0","         # ""organ_role_16_3"","
"0","         # ""organ_role_17_3"","
"0","         # ""organ_role_18_3"","
"0","         # ""organ_role_19_3"","
"0","         # ""organ_role_20_3"","
"0","         # ""organ_role_21_3"","
"0","         # ""organ_role_22_3"","
"0","         # ""organ_role_23_3"","
"0","         # ""organ_role_24_3"""
"0",")"
