"0","role = c(""organ_role_1_1"","
"0","""organ_role_2_1"","
"0","""organ_role_3_1"","
"0","""organ_role_4_1"","
"0","""organ_role_5_1"","
"0","""organ_role_6_1"","
"0","""organ_role_7_1"","
"0","""organ_role_8_1"","
"0","""organ_role_9_1"","
"0","""organ_role_10_1"","
"0","""organ_role_11_1"","
"0","""organ_role_96_1"""
"0","# ""organ_role_13_1"","
"0","# ""organ_role_14_1"","
"0","# ""organ_role_15_1"","
"0","# ""organ_role_16_1"","
"0","# ""organ_role_17_1"","
"0","# ""organ_role_18_1"","
"0","# ""organ_role_19_1"","
"0","# ""organ_role_20_1"","
"0","# ""organ_role_21_1"","
"0","# ""organ_role_22_1"","
"0","# ""organ_role_23_1"","
"0","# ""organ_role_24_1"""
"0",")"
